-- ============================================
-- HỆ THỐNG QUẢN LÝ PHÒNG KHÁM NHA KHOA
-- Dental Clinic Management System - Seed Data V2
-- ============================================
-- UPDATED: Path fields removed, Modules merged, Email verification ready
-- Seeded accounts: ACTIVE status (skip verification for demo data)
-- New accounts: PENDING_VERIFICATION (require email verification)
-- ============================================

-- ============================================
-- BƯỚC 1: TẠO BASE ROLES (3 loại cố định)
-- ============================================
-- Base roles xác định LAYOUT FE (AdminLayout/EmployeeLayout/PatientLayout)
-- FE tự xử lý routing, không cần path từ BE
-- ============================================

INSERT INTO base_roles (base_role_id, base_role_name, description, is_active, created_at)
VALUES
(1, 'admin', 'Admin Portal - Quản trị viên hệ thống', TRUE, NOW()),
(2, 'employee', 'Employee Portal - Nhân viên phòng khám', TRUE, NOW()),
(3, 'patient', 'Patient Portal - Bệnh nhân', TRUE, NOW())
ON CONFLICT (base_role_id) DO NOTHING;

-- ============================================
-- BƯỚC 2: TẠO CÁC VAI TRÒ (ROLES)
-- ============================================
-- Mỗi role có base_role_id xác định layout FE
-- FE tự xử lý routing dựa trên baseRole và permissions
-- ============================================

INSERT INTO roles (role_id, role_name, base_role_id, description, requires_specialization, is_active, created_at)
VALUES
-- Admin Portal (base_role_id = 1)
('ROLE_ADMIN', 'ROLE_ADMIN', 1, 'Quản trị viên hệ thống - Toàn quyền quản lý', FALSE, TRUE, NOW()),

-- Employee Portal (base_role_id = 2)
('ROLE_DOCTOR', 'ROLE_DOCTOR', 2, 'Bác sĩ nha khoa - Khám và điều trị bệnh nhân', TRUE, TRUE, NOW()),
('ROLE_NURSE', 'ROLE_NURSE', 2, 'Y tá - Hỗ trợ điều trị và chăm sóc bệnh nhân', TRUE, TRUE, NOW()),
('ROLE_RECEPTIONIST', 'ROLE_RECEPTIONIST', 2, 'Lễ tân - Tiếp đón và quản lý lịch hẹn', FALSE, TRUE, NOW()),
('ROLE_ACCOUNTANT', 'ROLE_ACCOUNTANT', 2, 'Kế toán - Quản lý tài chính và thanh toán', FALSE, TRUE, NOW()),
('ROLE_INVENTORY_MANAGER', 'ROLE_INVENTORY_MANAGER', 2, 'Quản lý kho - Quản lý vật tư và thuốc men', FALSE, TRUE, NOW()),
('ROLE_MANAGER', 'ROLE_MANAGER', 2, 'Quản lý - Quản lý vận hành và nhân sự', FALSE, TRUE, NOW()),

-- Patient Portal (base_role_id = 3)
('ROLE_PATIENT', 'ROLE_PATIENT', 3, 'Bệnh nhân - Xem hồ sơ và đặt lịch khám', FALSE, TRUE, NOW())
ON CONFLICT (role_id) DO NOTHING;

-- ============================================
-- BƯỚC 3: TẠO CÁC QUYỀN (PERMISSIONS) - MERGED MODULES
-- ============================================
-- 9 modules sau khi merge (giảm từ 12 modules):
-- 1. ACCOUNT (4 perms)
-- 2. EMPLOYEE (4 perms)
-- 3. PATIENT (4 perms)
-- 4. TREATMENT (3 perms)
-- 5. APPOINTMENT (4 perms)
-- 6. CUSTOMER_MANAGEMENT (8 perms) = CONTACT + CONTACT_HISTORY
-- 7. SCHEDULE_MANAGEMENT (11 perms) = WORK_SHIFTS + REGISTRATION + SHIFT_RENEWAL
-- 8. LEAVE_MANAGEMENT (18 perms) = TIME_OFF + OVERTIME + TIME_OFF_MANAGEMENT
-- 9. SYSTEM_CONFIGURATION (12 perms) = ROLE + PERMISSION + SPECIALIZATION
--
-- PATH FIELD REMOVED - FE handles routing independently
-- ============================================

-- MODULE 1: ACCOUNT
INSERT INTO permissions (permission_id, permission_name, module, description, display_order, parent_permission_id, is_active, created_at)
VALUES
('VIEW_ACCOUNT', 'VIEW_ACCOUNT', 'ACCOUNT', 'Xem danh sách tài khoản', 10, NULL, TRUE, NOW()),
('CREATE_ACCOUNT', 'CREATE_ACCOUNT', 'ACCOUNT', 'Tạo tài khoản mới', 11, NULL, TRUE, NOW()),
('UPDATE_ACCOUNT', 'UPDATE_ACCOUNT', 'ACCOUNT', 'Cập nhật tài khoản', 12, NULL, TRUE, NOW()),
('DELETE_ACCOUNT', 'DELETE_ACCOUNT', 'ACCOUNT', 'Xóa tài khoản', 13, NULL, TRUE, NOW())
ON CONFLICT (permission_id) DO NOTHING;

-- MODULE 2: EMPLOYEE
INSERT INTO permissions (permission_id, permission_name, module, description, display_order, parent_permission_id, is_active, created_at)
VALUES
('VIEW_EMPLOYEE', 'VIEW_EMPLOYEE', 'EMPLOYEE', 'Xem danh sách nhân viên', 20, NULL, TRUE, NOW()),
('READ_ALL_EMPLOYEES', 'READ_ALL_EMPLOYEES', 'EMPLOYEE', 'Đọc tất cả thông tin nhân viên', 21, NULL, TRUE, NOW()),
('READ_EMPLOYEE_BY_CODE', 'READ_EMPLOYEE_BY_CODE', 'EMPLOYEE', 'Đọc thông tin nhân viên theo mã', 22, NULL, TRUE, NOW()),
('CREATE_EMPLOYEE', 'CREATE_EMPLOYEE', 'EMPLOYEE', 'Tạo nhân viên mới', 23, NULL, TRUE, NOW()),
('UPDATE_EMPLOYEE', 'UPDATE_EMPLOYEE', 'EMPLOYEE', 'Cập nhật thông tin nhân viên', 24, NULL, TRUE, NOW()),
('DELETE_EMPLOYEE', 'DELETE_EMPLOYEE', 'EMPLOYEE', 'Xóa nhân viên', 25, NULL, TRUE, NOW())
ON CONFLICT (permission_id) DO NOTHING;

-- MODULE 3: PATIENT
INSERT INTO permissions (permission_id, permission_name, module, description, display_order, parent_permission_id, is_active, created_at)
VALUES
('VIEW_PATIENT', 'VIEW_PATIENT', 'PATIENT', 'Xem danh sách bệnh nhân', 30, NULL, TRUE, NOW()),
('CREATE_PATIENT', 'CREATE_PATIENT', 'PATIENT', 'Tạo hồ sơ bệnh nhân mới', 31, NULL, TRUE, NOW()),
('UPDATE_PATIENT', 'UPDATE_PATIENT', 'PATIENT', 'Cập nhật hồ sơ bệnh nhân', 32, NULL, TRUE, NOW()),
('DELETE_PATIENT', 'DELETE_PATIENT', 'PATIENT', 'Xóa hồ sơ bệnh nhân', 33, NULL, TRUE, NOW())
ON CONFLICT (permission_id) DO NOTHING;

-- MODULE 4: TREATMENT
INSERT INTO permissions (permission_id, permission_name, module, description, display_order, parent_permission_id, is_active, created_at)
VALUES
('VIEW_TREATMENT', 'VIEW_TREATMENT', 'TREATMENT', 'Xem danh sách điều trị', 40, NULL, TRUE, NOW()),
('CREATE_TREATMENT', 'CREATE_TREATMENT', 'TREATMENT', 'Tạo phác đồ điều trị mới', 41, NULL, TRUE, NOW()),
('UPDATE_TREATMENT', 'UPDATE_TREATMENT', 'TREATMENT', 'Cập nhật phác đồ điều trị', 42, NULL, TRUE, NOW())
ON CONFLICT (permission_id) DO NOTHING;

-- MODULE 5: APPOINTMENT
INSERT INTO permissions (permission_id, permission_name, module, description, display_order, parent_permission_id, is_active, created_at)
VALUES
('VIEW_APPOINTMENT', 'VIEW_APPOINTMENT', 'APPOINTMENT', 'Xem danh sách lịch hẹn', 50, NULL, TRUE, NOW()),
('CREATE_APPOINTMENT', 'CREATE_APPOINTMENT', 'APPOINTMENT', 'Đặt lịch hẹn mới', 51, NULL, TRUE, NOW()),
('UPDATE_APPOINTMENT', 'UPDATE_APPOINTMENT', 'APPOINTMENT', 'Cập nhật lịch hẹn', 52, NULL, TRUE, NOW()),
('CANCEL_APPOINTMENT', 'CANCEL_APPOINTMENT', 'APPOINTMENT', 'Hủy lịch hẹn', 53, NULL, TRUE, NOW()),
('DELETE_APPOINTMENT', 'DELETE_APPOINTMENT', 'APPOINTMENT', 'Xóa lịch hẹn', 54, NULL, TRUE, NOW())
ON CONFLICT (permission_id) DO NOTHING;

-- MODULE 6: CUSTOMER_MANAGEMENT (MERGED: CONTACT + CONTACT_HISTORY)
INSERT INTO permissions (permission_id, permission_name, module, description, display_order, parent_permission_id, is_active, created_at)
VALUES
-- Contact management
('VIEW_CONTACT', 'VIEW_CONTACT', 'CUSTOMER_MANAGEMENT', 'Xem danh sách liên hệ khách hàng', 60, NULL, TRUE, NOW()),
('CREATE_CONTACT', 'CREATE_CONTACT', 'CUSTOMER_MANAGEMENT', 'Tạo liên hệ khách hàng mới', 61, NULL, TRUE, NOW()),
('UPDATE_CONTACT', 'UPDATE_CONTACT', 'CUSTOMER_MANAGEMENT', 'Cập nhật liên hệ khách hàng', 62, NULL, TRUE, NOW()),
('DELETE_CONTACT', 'DELETE_CONTACT', 'CUSTOMER_MANAGEMENT', 'Xóa liên hệ khách hàng', 63, NULL, TRUE, NOW()),
-- Contact history
('VIEW_CONTACT_HISTORY', 'VIEW_CONTACT_HISTORY', 'CUSTOMER_MANAGEMENT', 'Xem lịch sử liên hệ', 64, NULL, TRUE, NOW()),
('CREATE_CONTACT_HISTORY', 'CREATE_CONTACT_HISTORY', 'CUSTOMER_MANAGEMENT', 'Tạo lịch sử liên hệ', 65, NULL, TRUE, NOW()),
('UPDATE_CONTACT_HISTORY', 'UPDATE_CONTACT_HISTORY', 'CUSTOMER_MANAGEMENT', 'Cập nhật lịch sử liên hệ', 66, NULL, TRUE, NOW()),
('DELETE_CONTACT_HISTORY', 'DELETE_CONTACT_HISTORY', 'CUSTOMER_MANAGEMENT', 'Xóa lịch sử liên hệ', 67, NULL, TRUE, NOW())
ON CONFLICT (permission_id) DO NOTHING;

-- MODULE 7: SCHEDULE_MANAGEMENT (MERGED: WORK_SHIFTS + REGISTRATION + SHIFT_RENEWAL)
INSERT INTO permissions (permission_id, permission_name, module, description, display_order, parent_permission_id, is_active, created_at)
VALUES
-- Work shifts
('VIEW_WORK_SHIFTS', 'VIEW_WORK_SHIFTS', 'SCHEDULE_MANAGEMENT', 'Xem danh sách mẫu ca làm việc', 80, NULL, TRUE, NOW()),
('CREATE_WORK_SHIFTS', 'CREATE_WORK_SHIFTS', 'SCHEDULE_MANAGEMENT', 'Tạo mẫu ca làm việc mới', 81, NULL, TRUE, NOW()),
('UPDATE_WORK_SHIFTS', 'UPDATE_WORK_SHIFTS', 'SCHEDULE_MANAGEMENT', 'Cập nhật mẫu ca làm việc', 82, NULL, TRUE, NOW()),
('DELETE_WORK_SHIFTS', 'DELETE_WORK_SHIFTS', 'SCHEDULE_MANAGEMENT', 'Xóa mẫu ca làm việc', 83, NULL, TRUE, NOW()),
-- Shift registration (parent-child pattern)
('VIEW_REGISTRATION_ALL', 'VIEW_REGISTRATION_ALL', 'SCHEDULE_MANAGEMENT', 'Xem tất cả đăng ký ca làm việc', 90, NULL, TRUE, NOW()),
('VIEW_REGISTRATION_OWN', 'VIEW_REGISTRATION_OWN', 'SCHEDULE_MANAGEMENT', 'Xem đăng ký ca làm việc của bản thân', 91, 'VIEW_REGISTRATION_ALL', TRUE, NOW()),
('CREATE_REGISTRATION', 'CREATE_REGISTRATION', 'SCHEDULE_MANAGEMENT', 'Tạo đăng ký ca làm việc', 92, NULL, TRUE, NOW()),
('UPDATE_REGISTRATION', 'UPDATE_REGISTRATION', 'SCHEDULE_MANAGEMENT', 'Cập nhật đăng ký ca', 93, NULL, TRUE, NOW()),
('UPDATE_REGISTRATION_ALL', 'UPDATE_REGISTRATION_ALL', 'SCHEDULE_MANAGEMENT', 'Cập nhật tất cả đăng ký ca', 93, NULL, TRUE, NOW()),
('UPDATE_REGISTRATION_OWN', 'UPDATE_REGISTRATION_OWN', 'SCHEDULE_MANAGEMENT', 'Cập nhật đăng ký ca của bản thân', 94, 'UPDATE_REGISTRATION_ALL', TRUE, NOW()),
('DELETE_REGISTRATION', 'DELETE_REGISTRATION', 'SCHEDULE_MANAGEMENT', 'Xóa đăng ký ca', 95, NULL, TRUE, NOW()),
('DELETE_REGISTRATION_ALL', 'DELETE_REGISTRATION_ALL', 'SCHEDULE_MANAGEMENT', 'Xóa tất cả đăng ký ca', 96, NULL, TRUE, NOW()),
('DELETE_REGISTRATION_OWN', 'DELETE_REGISTRATION_OWN', 'SCHEDULE_MANAGEMENT', 'Xóa đăng ký ca của bản thân', 97, 'DELETE_REGISTRATION_ALL', TRUE, NOW()),
-- Shift renewal
('VIEW_RENEWAL_OWN', 'VIEW_RENEWAL_OWN', 'SCHEDULE_MANAGEMENT', 'Xem yêu cầu gia hạn ca của bản thân', 98, NULL, TRUE, NOW()),
('RESPOND_RENEWAL_OWN', 'RESPOND_RENEWAL_OWN', 'SCHEDULE_MANAGEMENT', 'Phản hồi yêu cầu gia hạn ca của bản thân', 99, NULL, TRUE, NOW())
ON CONFLICT (permission_id) DO NOTHING;

-- MODULE 8: LEAVE_MANAGEMENT (MERGED: TIME_OFF + OVERTIME + TIME_OFF_MANAGEMENT)
INSERT INTO permissions (permission_id, permission_name, module, description, display_order, parent_permission_id, is_active, created_at)
VALUES
-- View permissions (parent-child)
('VIEW_LEAVE_ALL', 'VIEW_LEAVE_ALL', 'LEAVE_MANAGEMENT', 'Xem tất cả yêu cầu nghỉ phép & tăng ca', 100, NULL, TRUE, NOW()),
('VIEW_LEAVE_OWN', 'VIEW_LEAVE_OWN', 'LEAVE_MANAGEMENT', 'Xem yêu cầu nghỉ phép & tăng ca của bản thân', 101, 'VIEW_LEAVE_ALL', TRUE, NOW()),
-- Time-off view aliases (for AuthoritiesConstants compatibility)
('VIEW_TIMEOFF_ALL', 'VIEW_TIMEOFF_ALL', 'LEAVE_MANAGEMENT', 'Xem tất cả yêu cầu nghỉ phép (alias)', 102, NULL, TRUE, NOW()),
('VIEW_TIMEOFF_OWN', 'VIEW_TIMEOFF_OWN', 'LEAVE_MANAGEMENT', 'Xem yêu cầu nghỉ phép của bản thân (alias)', 103, 'VIEW_TIMEOFF_ALL', TRUE, NOW()),
-- Overtime view permissions (aliases for compatibility with AuthoritiesConstants)
('VIEW_OT_ALL', 'VIEW_OT_ALL', 'LEAVE_MANAGEMENT', 'Xem tất cả yêu cầu tăng ca', 104, NULL, TRUE, NOW()),
('VIEW_OT_OWN', 'VIEW_OT_OWN', 'LEAVE_MANAGEMENT', 'Xem yêu cầu tăng ca của bản thân', 105, 'VIEW_OT_ALL', TRUE, NOW()),
('CREATE_OT', 'CREATE_OT', 'LEAVE_MANAGEMENT', 'Tạo yêu cầu tăng ca (alias)', 106, NULL, TRUE, NOW()),
('APPROVE_OT', 'APPROVE_OT', 'LEAVE_MANAGEMENT', 'Phê duyệt yêu cầu tăng ca (alias)', 107, NULL, TRUE, NOW()),
('REJECT_OT', 'REJECT_OT', 'LEAVE_MANAGEMENT', 'Từ chối yêu cầu tăng ca (alias)', 108, NULL, TRUE, NOW()),
('CANCEL_OT_OWN', 'CANCEL_OT_OWN', 'LEAVE_MANAGEMENT', 'Hủy yêu cầu tăng ca của bản thân (alias)', 109, NULL, TRUE, NOW()),
('CANCEL_OT_PENDING', 'CANCEL_OT_PENDING', 'LEAVE_MANAGEMENT', 'Hủy yêu cầu tăng ca đang chờ (alias)', 110, NULL, TRUE, NOW()),
-- Time off actions
('CREATE_TIME_OFF', 'CREATE_TIME_OFF', 'LEAVE_MANAGEMENT', 'Tạo yêu cầu nghỉ phép', 115, NULL, TRUE, NOW()),
('CREATE_TIMEOFF', 'CREATE_TIMEOFF', 'LEAVE_MANAGEMENT', 'Tạo yêu cầu nghỉ phép (alias)', 116, NULL, TRUE, NOW()),
('APPROVE_TIME_OFF', 'APPROVE_TIME_OFF', 'LEAVE_MANAGEMENT', 'Phê duyệt yêu cầu nghỉ phép', 117, NULL, TRUE, NOW()),
('APPROVE_TIMEOFF', 'APPROVE_TIMEOFF', 'LEAVE_MANAGEMENT', 'Phê duyệt yêu cầu nghỉ phép (alias)', 118, NULL, TRUE, NOW()),
('REJECT_TIME_OFF', 'REJECT_TIME_OFF', 'LEAVE_MANAGEMENT', 'Từ chối yêu cầu nghỉ phép', 119, NULL, TRUE, NOW()),
('REJECT_TIMEOFF', 'REJECT_TIMEOFF', 'LEAVE_MANAGEMENT', 'Từ chối yêu cầu nghỉ phép (alias)', 120, NULL, TRUE, NOW()),
('CANCEL_TIME_OFF_OWN', 'CANCEL_TIME_OFF_OWN', 'LEAVE_MANAGEMENT', 'Hủy yêu cầu nghỉ phép của bản thân', 121, NULL, TRUE, NOW()),
('CANCEL_TIMEOFF_OWN', 'CANCEL_TIMEOFF_OWN', 'LEAVE_MANAGEMENT', 'Hủy yêu cầu nghỉ phép của bản thân (alias)', 122, NULL, TRUE, NOW()),
('CANCEL_TIME_OFF_PENDING', 'CANCEL_TIME_OFF_PENDING', 'LEAVE_MANAGEMENT', 'Hủy yêu cầu nghỉ phép đang chờ', 123, NULL, TRUE, NOW()),
('CANCEL_TIMEOFF_PENDING', 'CANCEL_TIMEOFF_PENDING', 'LEAVE_MANAGEMENT', 'Hủy yêu cầu nghỉ phép đang chờ (alias)', 124, NULL, TRUE, NOW()),
-- Overtime actions
('CREATE_OVERTIME', 'CREATE_OVERTIME', 'LEAVE_MANAGEMENT', 'Tạo yêu cầu tăng ca', 130, NULL, TRUE, NOW()),
('APPROVE_OVERTIME', 'APPROVE_OVERTIME', 'LEAVE_MANAGEMENT', 'Phê duyệt yêu cầu tăng ca', 131, NULL, TRUE, NOW()),
('REJECT_OVERTIME', 'REJECT_OVERTIME', 'LEAVE_MANAGEMENT', 'Từ chối yêu cầu tăng ca', 132, NULL, TRUE, NOW()),
('CANCEL_OVERTIME_OWN', 'CANCEL_OVERTIME_OWN', 'LEAVE_MANAGEMENT', 'Hủy yêu cầu tăng ca của bản thân', 133, NULL, TRUE, NOW()),
('CANCEL_OVERTIME_PENDING', 'CANCEL_OVERTIME_PENDING', 'LEAVE_MANAGEMENT', 'Hủy yêu cầu tăng ca đang chờ', 134, NULL, TRUE, NOW()),
-- Time off type management
('VIEW_TIMEOFF_TYPE', 'VIEW_TIMEOFF_TYPE', 'LEAVE_MANAGEMENT', 'Xem danh sách loại nghỉ phép', 140, NULL, TRUE, NOW()),
('VIEW_TIMEOFF_TYPE_ALL', 'VIEW_TIMEOFF_TYPE_ALL', 'LEAVE_MANAGEMENT', 'Xem/Quản lý tất cả loại nghỉ phép (alias)', 141, NULL, TRUE, NOW()),
('CREATE_TIMEOFF_TYPE', 'CREATE_TIMEOFF_TYPE', 'LEAVE_MANAGEMENT', 'Tạo loại nghỉ phép mới', 142, NULL, TRUE, NOW()),
('UPDATE_TIMEOFF_TYPE', 'UPDATE_TIMEOFF_TYPE', 'LEAVE_MANAGEMENT', 'Cập nhật loại nghỉ phép', 143, NULL, TRUE, NOW()),
('DELETE_TIMEOFF_TYPE', 'DELETE_TIMEOFF_TYPE', 'LEAVE_MANAGEMENT', 'Xóa loại nghỉ phép', 144, NULL, TRUE, NOW()),
-- Leave balance management
('VIEW_LEAVE_BALANCE_ALL', 'VIEW_LEAVE_BALANCE_ALL', 'LEAVE_MANAGEMENT', 'Xem số dư nghỉ phép của nhân viên', 150, NULL, TRUE, NOW()),
('ADJUST_LEAVE_BALANCE', 'ADJUST_LEAVE_BALANCE', 'LEAVE_MANAGEMENT', 'Điều chỉnh số dư nghỉ phép', 151, NULL, TRUE, NOW())
ON CONFLICT (permission_id) DO NOTHING;

-- MODULE 9: SYSTEM_CONFIGURATION (MERGED: ROLE + PERMISSION + SPECIALIZATION)
INSERT INTO permissions (permission_id, permission_name, module, description, display_order, parent_permission_id, is_active, created_at)
VALUES
-- Role management
('VIEW_ROLE', 'VIEW_ROLE', 'SYSTEM_CONFIGURATION', 'Xem danh sách vai trò', 200, NULL, TRUE, NOW()),
('CREATE_ROLE', 'CREATE_ROLE', 'SYSTEM_CONFIGURATION', 'Tạo vai trò mới', 201, NULL, TRUE, NOW()),
('UPDATE_ROLE', 'UPDATE_ROLE', 'SYSTEM_CONFIGURATION', 'Cập nhật vai trò', 202, NULL, TRUE, NOW()),
('DELETE_ROLE', 'DELETE_ROLE', 'SYSTEM_CONFIGURATION', 'Xóa vai trò', 203, NULL, TRUE, NOW()),
-- Permission management
('VIEW_PERMISSION', 'VIEW_PERMISSION', 'SYSTEM_CONFIGURATION', 'Xem danh sách quyền', 210, NULL, TRUE, NOW()),
('CREATE_PERMISSION', 'CREATE_PERMISSION', 'SYSTEM_CONFIGURATION', 'Tạo quyền mới', 211, NULL, TRUE, NOW()),
('UPDATE_PERMISSION', 'UPDATE_PERMISSION', 'SYSTEM_CONFIGURATION', 'Cập nhật quyền', 212, NULL, TRUE, NOW()),
('DELETE_PERMISSION', 'DELETE_PERMISSION', 'SYSTEM_CONFIGURATION', 'Xóa quyền', 213, NULL, TRUE, NOW()),
-- Specialization management
('VIEW_SPECIALIZATION', 'VIEW_SPECIALIZATION', 'SYSTEM_CONFIGURATION', 'Xem danh sách chuyên khoa', 220, NULL, TRUE, NOW()),
('CREATE_SPECIALIZATION', 'CREATE_SPECIALIZATION', 'SYSTEM_CONFIGURATION', 'Tạo chuyên khoa mới', 221, NULL, TRUE, NOW()),
('UPDATE_SPECIALIZATION', 'UPDATE_SPECIALIZATION', 'SYSTEM_CONFIGURATION', 'Cập nhật chuyên khoa', 222, NULL, TRUE, NOW()),
('DELETE_SPECIALIZATION', 'DELETE_SPECIALIZATION', 'SYSTEM_CONFIGURATION', 'Xóa chuyên khoa', 223, NULL, TRUE, NOW())
ON CONFLICT (permission_id) DO NOTHING;

-- ============================================
-- BƯỚC 4: PHÂN QUYỀN CHO CÁC VAI TRÒ
-- ============================================

-- Admin có TẤT CẢ quyền
INSERT INTO role_permissions (role_id, permission_id)
SELECT 'ROLE_ADMIN', permission_id FROM permissions WHERE is_active = TRUE
ON CONFLICT (role_id, permission_id) DO NOTHING;

-- Doctor
INSERT INTO role_permissions (role_id, permission_id)
VALUES
('ROLE_DOCTOR', 'VIEW_PATIENT'), ('ROLE_DOCTOR', 'UPDATE_PATIENT'),
('ROLE_DOCTOR', 'VIEW_TREATMENT'), ('ROLE_DOCTOR', 'CREATE_TREATMENT'), ('ROLE_DOCTOR', 'UPDATE_TREATMENT'),
('ROLE_DOCTOR', 'VIEW_APPOINTMENT'),
('ROLE_DOCTOR', 'VIEW_REGISTRATION_OWN'), ('ROLE_DOCTOR', 'VIEW_RENEWAL_OWN'), ('ROLE_DOCTOR', 'RESPOND_RENEWAL_OWN'),
('ROLE_DOCTOR', 'CREATE_REGISTRATION'),
('ROLE_DOCTOR', 'VIEW_LEAVE_OWN'), ('ROLE_DOCTOR', 'CREATE_TIME_OFF'), ('ROLE_DOCTOR', 'CREATE_OVERTIME'),
('ROLE_DOCTOR', 'CANCEL_TIME_OFF_OWN'), ('ROLE_DOCTOR', 'CANCEL_OVERTIME_OWN')
ON CONFLICT (role_id, permission_id) DO NOTHING;

-- Nurse
INSERT INTO role_permissions (role_id, permission_id)
VALUES
('ROLE_NURSE', 'VIEW_PATIENT'), ('ROLE_NURSE', 'VIEW_TREATMENT'), ('ROLE_NURSE', 'VIEW_APPOINTMENT'),
('ROLE_NURSE', 'VIEW_REGISTRATION_OWN'), ('ROLE_NURSE', 'VIEW_RENEWAL_OWN'), ('ROLE_NURSE', 'RESPOND_RENEWAL_OWN'),
('ROLE_NURSE', 'CREATE_REGISTRATION'),
('ROLE_NURSE', 'VIEW_LEAVE_OWN'), ('ROLE_NURSE', 'CREATE_TIME_OFF'), ('ROLE_NURSE', 'CREATE_OVERTIME'),
('ROLE_NURSE', 'CANCEL_TIME_OFF_OWN'), ('ROLE_NURSE', 'CANCEL_OVERTIME_OWN')
ON CONFLICT (role_id, permission_id) DO NOTHING;

-- Receptionist
INSERT INTO role_permissions (role_id, permission_id)
VALUES
('ROLE_RECEPTIONIST', 'VIEW_PATIENT'), ('ROLE_RECEPTIONIST', 'CREATE_PATIENT'), ('ROLE_RECEPTIONIST', 'UPDATE_PATIENT'),
('ROLE_RECEPTIONIST', 'VIEW_APPOINTMENT'), ('ROLE_RECEPTIONIST', 'CREATE_APPOINTMENT'),
('ROLE_RECEPTIONIST', 'UPDATE_APPOINTMENT'), ('ROLE_RECEPTIONIST', 'DELETE_APPOINTMENT'),
-- CUSTOMER_MANAGEMENT
('ROLE_RECEPTIONIST', 'VIEW_CONTACT'), ('ROLE_RECEPTIONIST', 'CREATE_CONTACT'),
('ROLE_RECEPTIONIST', 'UPDATE_CONTACT'), ('ROLE_RECEPTIONIST', 'DELETE_CONTACT'),
('ROLE_RECEPTIONIST', 'VIEW_CONTACT_HISTORY'), ('ROLE_RECEPTIONIST', 'CREATE_CONTACT_HISTORY'),
('ROLE_RECEPTIONIST', 'UPDATE_CONTACT_HISTORY'), ('ROLE_RECEPTIONIST', 'DELETE_CONTACT_HISTORY'),
-- SCHEDULE & LEAVE
('ROLE_RECEPTIONIST', 'VIEW_REGISTRATION_OWN'),
('ROLE_RECEPTIONIST', 'CREATE_REGISTRATION'),
('ROLE_RECEPTIONIST', 'VIEW_LEAVE_OWN'), ('ROLE_RECEPTIONIST', 'CREATE_TIME_OFF'), ('ROLE_RECEPTIONIST', 'CREATE_OVERTIME'),
('ROLE_RECEPTIONIST', 'CANCEL_TIME_OFF_OWN'), ('ROLE_RECEPTIONIST', 'CANCEL_OVERTIME_OWN')
ON CONFLICT (role_id, permission_id) DO NOTHING;

-- Manager (Full management permissions)
INSERT INTO role_permissions (role_id, permission_id)
VALUES
('ROLE_MANAGER', 'VIEW_EMPLOYEE'), ('ROLE_MANAGER', 'CREATE_EMPLOYEE'),
('ROLE_MANAGER', 'UPDATE_EMPLOYEE'), ('ROLE_MANAGER', 'DELETE_EMPLOYEE'),
('ROLE_MANAGER', 'VIEW_PATIENT'), ('ROLE_MANAGER', 'VIEW_APPOINTMENT'),
-- CUSTOMER_MANAGEMENT
('ROLE_MANAGER', 'VIEW_CONTACT'), ('ROLE_MANAGER', 'CREATE_CONTACT'),
('ROLE_MANAGER', 'UPDATE_CONTACT'), ('ROLE_MANAGER', 'DELETE_CONTACT'),
('ROLE_MANAGER', 'VIEW_CONTACT_HISTORY'), ('ROLE_MANAGER', 'CREATE_CONTACT_HISTORY'),
('ROLE_MANAGER', 'UPDATE_CONTACT_HISTORY'), ('ROLE_MANAGER', 'DELETE_CONTACT_HISTORY'),
-- SCHEDULE_MANAGEMENT (full)
('ROLE_MANAGER', 'VIEW_WORK_SHIFTS'), ('ROLE_MANAGER', 'CREATE_WORK_SHIFTS'),
('ROLE_MANAGER', 'UPDATE_WORK_SHIFTS'), ('ROLE_MANAGER', 'DELETE_WORK_SHIFTS'),
('ROLE_MANAGER', 'VIEW_REGISTRATION_ALL'), ('ROLE_MANAGER', 'CREATE_REGISTRATION'),
('ROLE_MANAGER', 'UPDATE_REGISTRATION'), ('ROLE_MANAGER', 'DELETE_REGISTRATION'),
-- LEAVE_MANAGEMENT (full management)
('ROLE_MANAGER', 'VIEW_LEAVE_ALL'),
('ROLE_MANAGER', 'APPROVE_TIME_OFF'), ('ROLE_MANAGER', 'REJECT_TIME_OFF'), ('ROLE_MANAGER', 'CANCEL_TIME_OFF_PENDING'),
('ROLE_MANAGER', 'VIEW_OT_ALL'), ('ROLE_MANAGER', 'APPROVE_OT'), ('ROLE_MANAGER', 'REJECT_OT'), ('ROLE_MANAGER', 'CANCEL_OT_PENDING'),
('ROLE_MANAGER', 'APPROVE_OVERTIME'), ('ROLE_MANAGER', 'REJECT_OVERTIME'), ('ROLE_MANAGER', 'CANCEL_OVERTIME_PENDING'),
('ROLE_MANAGER', 'VIEW_TIMEOFF_TYPE'), ('ROLE_MANAGER', 'CREATE_TIMEOFF_TYPE'),
('ROLE_MANAGER', 'UPDATE_TIMEOFF_TYPE'), ('ROLE_MANAGER', 'DELETE_TIMEOFF_TYPE'),
('ROLE_MANAGER', 'VIEW_LEAVE_BALANCE_ALL'), ('ROLE_MANAGER', 'ADJUST_LEAVE_BALANCE'),
-- SYSTEM_CONFIGURATION (limited)
('ROLE_MANAGER', 'VIEW_ROLE'), ('ROLE_MANAGER', 'VIEW_SPECIALIZATION'),
('ROLE_MANAGER', 'CREATE_SPECIALIZATION'), ('ROLE_MANAGER', 'UPDATE_SPECIALIZATION')
ON CONFLICT (role_id, permission_id) DO NOTHING;

-- Accountant & Inventory Manager (LEAVE only)
INSERT INTO role_permissions (role_id, permission_id)
VALUES
('ROLE_ACCOUNTANT', 'VIEW_LEAVE_OWN'), ('ROLE_ACCOUNTANT', 'CREATE_TIME_OFF'), ('ROLE_ACCOUNTANT', 'CREATE_OVERTIME'),
('ROLE_ACCOUNTANT', 'CANCEL_TIME_OFF_OWN'), ('ROLE_ACCOUNTANT', 'CANCEL_OVERTIME_OWN'),
('ROLE_INVENTORY_MANAGER', 'VIEW_LEAVE_OWN'), ('ROLE_INVENTORY_MANAGER', 'CREATE_TIME_OFF'), ('ROLE_INVENTORY_MANAGER', 'CREATE_OVERTIME'),
('ROLE_INVENTORY_MANAGER', 'CANCEL_TIME_OFF_OWN'), ('ROLE_INVENTORY_MANAGER', 'CANCEL_OVERTIME_OWN')
ON CONFLICT (role_id, permission_id) DO NOTHING;

-- Patient (basic view only)
INSERT INTO role_permissions (role_id, permission_id)
VALUES
('ROLE_PATIENT', 'VIEW_PATIENT'), ('ROLE_PATIENT', 'VIEW_TREATMENT'),
('ROLE_PATIENT', 'VIEW_APPOINTMENT'), ('ROLE_PATIENT', 'CREATE_APPOINTMENT')
ON CONFLICT (role_id, permission_id) DO NOTHING;

-- Grant basic Overtime permissions to all employee roles (idempotent)
INSERT INTO role_permissions (role_id, permission_id)
VALUES
('ROLE_DOCTOR', 'VIEW_OT_OWN'), ('ROLE_DOCTOR', 'CREATE_OT'), ('ROLE_DOCTOR', 'CANCEL_OT_OWN'),
('ROLE_NURSE', 'VIEW_OT_OWN'), ('ROLE_NURSE', 'CREATE_OT'), ('ROLE_NURSE', 'CANCEL_OT_OWN'),
('ROLE_RECEPTIONIST', 'VIEW_OT_OWN'), ('ROLE_RECEPTIONIST', 'CREATE_OT'), ('ROLE_RECEPTIONIST', 'CANCEL_OT_OWN'),
('ROLE_ACCOUNTANT', 'VIEW_OT_OWN'), ('ROLE_ACCOUNTANT', 'CREATE_OT'), ('ROLE_ACCOUNTANT', 'CANCEL_OT_OWN'),
('ROLE_INVENTORY_MANAGER', 'VIEW_OT_OWN'), ('ROLE_INVENTORY_MANAGER', 'CREATE_OT'), ('ROLE_INVENTORY_MANAGER', 'CANCEL_OT_OWN'),
('ROLE_MANAGER', 'VIEW_OT_ALL'), ('ROLE_MANAGER', 'VIEW_OT_OWN'), ('ROLE_MANAGER', 'CREATE_OT'), ('ROLE_MANAGER', 'CANCEL_OT_OWN')
ON CONFLICT (role_id, permission_id) DO NOTHING;

-- Grant VIEW_WORK_SHIFTS to all employee roles (idempotent)
INSERT INTO role_permissions (role_id, permission_id)
VALUES
('ROLE_DOCTOR', 'VIEW_WORK_SHIFTS'),
('ROLE_NURSE', 'VIEW_WORK_SHIFTS'),
('ROLE_RECEPTIONIST', 'VIEW_WORK_SHIFTS'),
('ROLE_ACCOUNTANT', 'VIEW_WORK_SHIFTS'),
('ROLE_INVENTORY_MANAGER', 'VIEW_WORK_SHIFTS'),
('ROLE_MANAGER', 'VIEW_WORK_SHIFTS')
ON CONFLICT (role_id, permission_id) DO NOTHING;

-- Grant CREATE_REGISTRATION to all employee roles (idempotent) - Allow self shift registration
INSERT INTO role_permissions (role_id, permission_id)
VALUES
('ROLE_DOCTOR', 'CREATE_REGISTRATION'),
('ROLE_NURSE', 'CREATE_REGISTRATION'),
('ROLE_RECEPTIONIST', 'CREATE_REGISTRATION'),
('ROLE_ACCOUNTANT', 'CREATE_REGISTRATION'),
('ROLE_INVENTORY_MANAGER', 'CREATE_REGISTRATION'),
('ROLE_MANAGER', 'CREATE_REGISTRATION')
('ROLE_MANAGER', 'VIEW_REGISTRATION_ALL')
ON CONFLICT (role_id, permission_id) DO NOTHING;

-- ============================================
-- BƯỚC 5: TẠO CHUYÊN KHOA
-- ============================================
INSERT INTO specializations (specialization_id, specialization_code, specialization_name, description, is_active, created_at)
VALUES
(1, 'SPEC001', 'Chỉnh nha', 'Orthodontics - Niềng răng, chỉnh hình răng mặt', TRUE, NOW()),
(2, 'SPEC002', 'Nội nha', 'Endodontics - Điều trị tủy, chữa răng sâu', TRUE, NOW()),
(3, 'SPEC003', 'Nha chu', 'Periodontics - Điều trị nướu, mô nha chu', TRUE, NOW()),
(4, 'SPEC004', 'Phục hồi răng', 'Prosthodontics - Làm răng giả, cầu răng, implant', TRUE, NOW()),
(5, 'SPEC005', 'Phẫu thuật hàm mặt', 'Oral Surgery - Nhổ răng khôn, phẫu thuật', TRUE, NOW()),
(6, 'SPEC006', 'Nha khoa trẻ em', 'Pediatric Dentistry - Chuyên khoa nhi', TRUE, NOW()),
(7, 'SPEC007', 'Răng thẩm mỹ', 'Cosmetic Dentistry - Tẩy trắng, bọc sứ', TRUE, NOW())
ON CONFLICT (specialization_id) DO NOTHING;

-- ============================================
-- BƯỚC 6: TẠO TÀI KHOẢN - STATUS = ACTIVE (SKIP VERIFICATION)
-- ============================================
-- Seeded accounts = ACTIVE (demo data, skip email verification)
-- New accounts created via API = PENDING_VERIFICATION (require email)
-- Default password: "123456" (BCrypt encoded)
-- ============================================

INSERT INTO accounts (account_id, account_code, username, email, password, role_id, status, created_at)
VALUES
-- Admin
(1, 'ACC001', 'admin', 'admin@dentalclinic.com',
'$2a$10$XOePZT251MQ7sdsoqH/jsO.vAuDoFrdWu/pAJSCD49/iwyIHQubf2', 'ROLE_ADMIN', 'ACTIVE', NOW()),

-- Employees
(2, 'ACC002', 'nhasi1', 'nhasi1@dentalclinic.com',
'$2a$10$XOePZT251MQ7sdsoqH/jsO.vAuDoFrdWu/pAJSCD49/iwyIHQubf2', 'ROLE_DOCTOR', 'ACTIVE', NOW()),

(3, 'ACC003', 'nhasi2', 'nhasi2@dentalclinic.com',
'$2a$10$XOePZT251MQ7sdsoqH/jsO.vAuDoFrdWu/pAJSCD49/iwyIHQubf2', 'ROLE_DOCTOR', 'ACTIVE', NOW()),

(4, 'ACC004', 'letan', 'letan@dentalclinic.com',
'$2a$10$XOePZT251MQ7sdsoqH/jsO.vAuDoFrdWu/pAJSCD49/iwyIHQubf2', 'ROLE_RECEPTIONIST', 'ACTIVE', NOW()),

(5, 'ACC005', 'ketoan', 'ketoan@dentalclinic.com',
'$2a$10$XOePZT251MQ7sdsoqH/jsO.vAuDoFrdWu/pAJSCD49/iwyIHQubf2', 'ROLE_ACCOUNTANT', 'ACTIVE', NOW()),

(6, 'ACC006', 'yta', 'yta@dentalclinic.com',
'$2a$10$XOePZT251MQ7sdsoqH/jsO.vAuDoFrdWu/pAJSCD49/iwyIHQubf2', 'ROLE_NURSE', 'ACTIVE', NOW()),

(7, 'ACC007', 'manager', 'manager@dentalclinic.com',
'$2a$10$XOePZT251MQ7sdsoqH/jsO.vAuDoFrdWu/pAJSCD49/iwyIHQubf2', 'ROLE_MANAGER', 'ACTIVE', NOW()),

-- Patients (demo emails - ACTIVE status)
(8, 'ACC008', 'benhnhan1', 'benhnhan1@email.com',
'$2a$10$XOePZT251MQ7sdsoqH/jsO.vAuDoFrdWu/pAJSCD49/iwyIHQubf2', 'ROLE_PATIENT', 'ACTIVE', NOW()),

(9, 'ACC009', 'benhnhan2', 'benhnhan2@email.com',
'$2a$10$XOePZT251MQ7sdsoqH/jsO.vAuDoFrdWu/pAJSCD49/iwyIHQubf2', 'ROLE_PATIENT', 'ACTIVE', NOW()),

(10, 'ACC010', 'benhnhan3', 'benhnhan3@email.com',
'$2a$10$XOePZT251MQ7sdsoqH/jsO.vAuDoFrdWu/pAJSCD49/iwyIHQubf2', 'ROLE_PATIENT', 'ACTIVE', NOW())

ON CONFLICT (account_id) DO NOTHING;

-- ============================================
-- BƯỚC 7-13: EMPLOYEES, PATIENTS, WORK_SHIFTS, ETC
-- (Giữ nguyên như cũ)
-- ============================================

INSERT INTO employees (employee_id, account_id, employee_code, first_name, last_name, phone, date_of_birth, address, employment_type, is_active, created_at)
VALUES
(1, 1, 'EMP001', 'Admin', 'Hệ thống', '0900000001', '1985-01-01', 'Phòng quản trị', 'FULL_TIME', TRUE, NOW()),
(2, 2, 'EMP002', 'Minh', 'Nguyễn Văn', '0901234567', '1985-05-15', '123 Nguyễn Huệ, Q1, TPHCM', 'FULL_TIME', TRUE, NOW()),
(3, 3, 'EMP003', 'Lan', 'Trần Thị', '0902345678', '1988-08-20', '456 Lê Lợi, Q3, TPHCM', 'FULL_TIME', TRUE, NOW()),
(4, 4, 'EMP004', 'Mai', 'Lê Thị', '0903456789', '1995-03-10', '789 Trần Hưng Đạo, Q5, TPHCM', 'FULL_TIME', TRUE, NOW()),
(5, 5, 'EMP005', 'Tuấn', 'Hoàng Văn', '0904567890', '1992-07-25', '321 Hai Bà Trưng, Q1, TPHCM', 'FULL_TIME', TRUE, NOW()),
(6, 6, 'EMP006', 'Hoa', 'Phạm Thị', '0906789012', '1992-06-15', '111 Lý Thường Kiệt, Q10, TPHCM', 'PART_TIME', TRUE, NOW()),
(7, 7, 'EMP007', 'Quân', 'Trần Minh', '0909999999', '1980-10-10', '77 Phạm Ngọc Thạch, Q3, TPHCM', 'FULL_TIME', TRUE, NOW())
ON CONFLICT (employee_id) DO NOTHING;

INSERT INTO employee_specializations (employee_id, specialization_id)
VALUES
(2, 1), (2, 7), (3, 2), (3, 4), (6, 6)
ON CONFLICT (employee_id, specialization_id) DO NOTHING;

INSERT INTO patients (patient_id, account_id, patient_code, first_name, last_name, email, phone, date_of_birth, address, gender, is_active, created_at, updated_at)
VALUES
(1, 8, 'PAT001', 'Khang', 'Nguyễn Văn', 'benhnhan1@email.com', '0911111111', '1990-01-15', '123 Lê Văn Việt, Q9, TPHCM', 'MALE', TRUE, NOW(), NOW()),
(2, 9, 'PAT002', 'Lan', 'Trần Thị', 'benhnhan2@email.com', '0922222222', '1985-05-20', '456 Võ Văn Ngân, Thủ Đức, TPHCM', 'FEMALE', TRUE, NOW(), NOW()),
(3, 10, 'PAT003', 'Đức', 'Lê Minh', 'benhnhan3@email.com', '0933333333', '1995-12-10', '789 Đường D2, Bình Thạnh, TPHCM', 'MALE', TRUE, NOW(), NOW())
ON CONFLICT (patient_id) DO NOTHING;

INSERT INTO work_shifts (work_shift_id, shift_name, start_time, end_time, category, is_active)
VALUES
('WKS_MORNING_01', 'Ca Sáng (8h-16h)', '08:00:00', '16:00:00', 'NORMAL', TRUE),
('WKS_AFTERNOON_01', 'Ca Chiều (13h-20h)', '13:00:00', '20:00:00', 'NORMAL', TRUE),
('WKS_MORNING_02', 'Ca Part-time Sáng (8h-12h)', '08:00:00', '12:00:00', 'NORMAL', TRUE),
('WKS_AFTERNOON_02', 'Ca Part-time Chiều (13h-17h)', '13:00:00', '17:00:00', 'NORMAL', TRUE)
ON CONFLICT (work_shift_id) DO NOTHING;

INSERT INTO time_off_types (type_id, type_code, type_name, is_paid, requires_approval, is_active, created_at, updated_at)
VALUES
('TOT001', 'ANNUAL_LEAVE', 'Nghi phep nam (12 ngay/nam)', TRUE, TRUE, TRUE, NOW(), NOW()),
('TOT002', 'UNPAID_PERSONAL', 'Nghi viec rieng khong luong', FALSE, TRUE, TRUE, NOW(), NOW()),
('TOT003', 'SICK_LEAVE', 'Nghi om co bao hiem xa hoi', TRUE, TRUE, TRUE, NOW(), NOW())
ON CONFLICT (type_id) DO NOTHING;

-- Sequences sync
SELECT setval(pg_get_serial_sequence('base_roles', 'base_role_id'), COALESCE((SELECT MAX(base_role_id) FROM base_roles), 0)+1, false);
SELECT setval(pg_get_serial_sequence('accounts', 'account_id'), COALESCE((SELECT MAX(account_id) FROM accounts), 0)+1, false);
SELECT setval(pg_get_serial_sequence('employees', 'employee_id'), COALESCE((SELECT MAX(employee_id) FROM employees), 0)+1, false);
SELECT setval(pg_get_serial_sequence('patients', 'patient_id'), COALESCE((SELECT MAX(patient_id) FROM patients), 0)+1, false);
SELECT setval(pg_get_serial_sequence('specializations', 'specialization_id'), COALESCE((SELECT MAX(specialization_id) FROM specializations), 0)+1, false);

-- ============================================
-- BƯỚC 14: SAMPLE DATA FOR TIME-OFF, RENEWAL, HOLIDAYS
-- ============================================

-- Sample time-off requests
INSERT INTO time_off_requests (request_id, employee_id, type_id, start_date, end_date, status, created_at)
VALUES
(1, 2, 'TOR251025001', '2025-10-28', '2025-10-29', 'PENDING', NOW()),
(2, 3, 'TOR251025002', '2025-11-02', '2025-11-02', 'APPROVED', NOW()),
(3, 4, 'TOR251025003', '2025-11-05', '2025-11-06', 'REJECTED', NOW())
ON CONFLICT (request_id) DO NOTHING;

-- Sample renewals
INSERT INTO shift_renewals (renewal_id, employee_id, work_shift_id, requested_date, status, created_at)
VALUES
(1, 2, 'WKS_MORNING_01', '2025-11-10', 'PENDING', NOW()),
(2, 3, 'WKS_AFTERNOON_01', '2025-11-12', 'APPROVED', NOW()),
(3, 4, 'WKS_MORNING_02', '2025-11-15', 'REJECTED', NOW())
ON CONFLICT (renewal_id) DO NOTHING;

-- Sample holidays
INSERT INTO holidays (holiday_id, holiday_date, name, description, is_active)
VALUES
(1, '2025-12-25', 'Christmas', 'Giáng Sinh', TRUE),
(2, '2025-01-01', 'New Year', 'Tết Dương Lịch', TRUE),
(3, '2025-04-30', 'Reunification Day', 'Ngày Giải phóng miền Nam', TRUE)
ON CONFLICT (holiday_id) DO NOTHING;

-- ============================================
-- HƯỚNG DẪN SỬ DỤNG
-- ============================================
--
-- 1. LOGIN (DEFAULT PASSWORD = "123456"):
--   admin / nhasi1 / nhasi2 / letan / manager / benhnhan1
--
-- 2. THAY ĐỔI QUAN TRỌNG:
--   - ĐÃ XÓA: path fields từ permissions, base_roles, roles
--   - FE tự xử lý routing dựa trên groupedPermissions
--   - BE chỉ trả về groupedPermissions (grouped by module)
--
-- 3. MODULES ĐÃ MERGE (12 → 9):
--   CUSTOMER_MANAGEMENT (8) = CONTACT + CONTACT_HISTORY
--   SCHEDULE_MANAGEMENT (11) = WORK_SHIFTS + REGISTRATION + SHIFT_RENEWAL
--   LEAVE_MANAGEMENT (18) = TIME_OFF + OVERTIME + TIME_OFF_MANAGEMENT
--   SYSTEM_CONFIGURATION (12) = ROLE + PERMISSION + SPECIALIZATION
--
-- 4. EMAIL VERIFICATION:
--   - Seeded accounts: ACTIVE (skip verification)
--   - New accounts via API: PENDING_VERIFICATION (require email)
--   - Default password: 123456 (must change on first login)
--
-- ============================================
